GEO.id,GEO.id2,GEO.display-label,VD01,VD02,VD03,VD04,VD05,VD06
Id,Id2,Geography,Total:,Urban:,Urban: - Inside urbanized areas,Urban: - Inside urban clusters,Rural,Not defined for this file
5001000US0101,0101,"Congressional District 1 (110th Congress), Alabama",281691,175729,133997,41732,105962,0
5001000US0102,0102,"Congressional District 2 (110th Congress), Alabama",281290,136673,82178,54495,144617,0
5001000US0103,0103,"Congressional District 3 (110th Congress), Alabama",286010,150521,113943,36578,135489,0
5001000US0104,0104,"Congressional District 4 (110th Congress), Alabama",282766,76421,31756,44665,206345,0
5001000US0105,0105,"Congressional District 5 (110th Congress), Alabama",278684,169089,147823,21266,109595,0
5001000US0106,0106,"Congressional District 6 (110th Congress), Alabama",271212,169584,154689,14895,101628,0
5001000US0107,0107,"Congressional District 7 (110th Congress), Alabama",282058,202666,186106,16560,79392,0
5001000US0200,0200,"Congressional District (at Large) (110th Congress), Alaska",260978,157834,108417,49417,103144,0
5001000US0401,0401,"Congressional District 1 (110th Congress), Arizona",293918,149292,51821,97471,144626,0
5001000US0402,0402,"Congressional District 2 (110th Congress), Arizona",287665,253368,188931,64437,34297,0
5001000US0403,0403,"Congressional District 3 (110th Congress), Arizona",271149,261074,261074,0,10075,0
5001000US0404,0404,"Congressional District 4 (110th Congress), Arizona",210309,209328,209328,0,981,0
5001000US0405,0405,"Congressional District 5 (110th Congress), Arizona",289147,279802,268770,11032,9345,0
5001000US0406,0406,"Congressional District 6 (110th Congress), Arizona",283059,273037,271104,1933,10022,0
5001000US0407,0407,"Congressional District 7 (110th Congress), Arizona",258949,214153,171710,42443,44796,0
5001000US0408,0408,"Congressional District 8 (110th Congress), Arizona",294993,258266,203347,54919,36727,0
5001000US0501,0501,"Congressional District 1 (110th Congress), Arkansas",297612,128705,43111,85594,168907,0
5001000US0502,0502,"Congressional District 2 (110th Congress), Arkansas",289170,193652,154445,39207,95518,0
5001000US0503,0503,"Congressional District 3 (110th Congress), Arkansas",286029,153052,114088,38964,132977,0
5001000US0504,0504,"Congressional District 4 (110th Congress), Arkansas",300232,135062,61662,73400,165170,0
5001000US0601,0601,"Congressional District 1 (110th Congress), California",265264,193598,82725,110873,71666,0
5001000US0602,0602,"Congressional District 2 (110th Congress), California",264073,173256,116109,57147,90817,0
5001000US0603,0603,"Congressional District 3 (110th Congress), California",254967,211494,201487,10007,43473,0
5001000US0604,0604,"Congressional District 4 (110th Congress), California",285170,182862,85857,97005,102308,0
5001000US0605,0605,"Congressional District 5 (110th Congress), California",250552,249669,249669,0,883,0
5001000US0606,0606,"Congressional District 6 (110th Congress), California",261714,229943,216786,13157,31771,0
5001000US0607,0607,"Congressional District 7 (110th Congress), California",225446,222365,222335,30,3081,0
5001000US0608,0608,"Congressional District 8 (110th Congress), California",291770,291770,291770,0,0,0
5001000US0609,0609,"Congressional District 9 (110th Congress), California",257833,257575,257575,0,258,0
5001000US0610,0610,"Congressional District 10 (110th Congress), California",239481,231012,221440,9572,8469,0
5001000US0611,0611,"Congressional District 11 (110th Congress), California",227298,205612,199498,6114,21686,0
5001000US0612,0612,"Congressional District 12 (110th Congress), California",241928,241755,239877,1878,173,0
5001000US0613,0613,"Congressional District 13 (110th Congress), California",222171,220881,220881,0,1290,0
5001000US0614,0614,"Congressional District 14 (110th Congress), California",249007,232286,226381,5905,16721,0
5001000US0615,0615,"Congressional District 15 (110th Congress), California",227528,225996,225996,0,1532,0
5001000US0616,0616,"Congressional District 16 (110th Congress), California",190099,187429,187429,0,2670,0
5001000US0617,0617,"Congressional District 17 (110th Congress), California",219266,193797,170622,23175,25469,0
5001000US0618,0618,"Congressional District 18 (110th Congress), California",203907,184587,161920,22667,19320,0
5001000US0619,0619,"Congressional District 19 (110th Congress), California",240531,184862,154692,30170,55669,0
5001000US0620,0620,"Congressional District 20 (110th Congress), California",176246,159876,80636,79240,16370,0
5001000US0621,0621,"Congressional District 21 (110th Congress), California",217443,168491,123384,45107,48952,0
5001000US0622,0622,"Congressional District 22 (110th Congress), California",244916,195548,151306,44242,49368,0
5001000US0623,0623,"Congressional District 23 (110th Congress), California",227219,222136,188147,33989,5083,0
5001000US0624,0624,"Congressional District 24 (110th Congress), California",225932,211690,193644,18046,14242,0
5001000US0625,0625,"Congressional District 25 (110th Congress), California",231086,196558,159595,36963,34528,0
5001000US0626,0626,"Congressional District 26 (110th Congress), California",223524,220155,217912,2243,3369,0
5001000US0627,0627,"Congressional District 27 (110th Congress), California",228414,227749,227749,0,665,0
5001000US0628,0628,"Congressional District 28 (110th Congress), California",215489,215273,215273,0,216,0
5001000US0629,0629,"Congressional District 29 (110th Congress), California",240952,239415,239415,0,1537,0
5001000US0630,0630,"Congressional District 30 (110th Congress), California",306415,299916,299916,0,6499,0
5001000US0631,0631,"Congressional District 31 (110th Congress), California",202367,202367,202367,0,0,0
5001000US0632,0632,"Congressional District 32 (110th Congress), California",175474,175416,175416,0,58,0
5001000US0633,0633,"Congressional District 33 (110th Congress), California",258985,258985,258985,0,0,0
5001000US0634,0634,"Congressional District 34 (110th Congress), California",180892,180892,180892,0,0,0
5001000US0635,0635,"Congressional District 35 (110th Congress), California",210148,210148,210148,0,0,0
5001000US0636,0636,"Congressional District 36 (110th Congress), California",265718,265718,265718,0,0,0
5001000US0637,0637,"Congressional District 37 (110th Congress), California",204200,204200,204200,0,0,0
5001000US0638,0638,"Congressional District 38 (110th Congress), California",171136,171136,171136,0,0,0
5001000US0639,0639,"Congressional District 39 (110th Congress), California",178949,178949,178949,0,0,0
5001000US0640,0640,"Congressional District 40 (110th Congress), California",210868,210868,210868,0,0,0
5001000US0641,0641,"Congressional District 41 (110th Congress), California",279807,238460,173550,64910,41347,0
5001000US0642,0642,"Congressional District 42 (110th Congress), California",210045,207211,207211,0,2834,0
5001000US0643,0643,"Congressional District 43 (110th Congress), California",188239,187268,187268,0,971,0
5001000US0644,0644,"Congressional District 44 (110th Congress), California",209663,204139,204139,0,5524,0
5001000US0645,0645,"Congressional District 45 (110th Congress), California",278037,240787,229417,11370,37250,0
5001000US0646,0646,"Congressional District 46 (110th Congress), California",251008,250859,249031,1828,149,0
5001000US0647,0647,"Congressional District 47 (110th Congress), California",153695,153695,153695,0,0,0
5001000US0648,0648,"Congressional District 48 (110th Congress), California",263177,261857,261857,0,1320,0
5001000US0649,0649,"Congressional District 49 (110th Congress), California",222495,198009,196400,1609,24486,0
5001000US0650,0650,"Congressional District 50 (110th Congress), California",241791,236370,236370,0,5421,0
5001000US0651,0651,"Congressional District 51 (110th Congress), California",193519,181190,164213,16977,12329,0
5001000US0652,0652,"Congressional District 52 (110th Congress), California",241211,224491,217110,7381,16720,0
5001000US0653,0653,"Congressional District 53 (110th Congress), California",267484,267316,267316,0,168,0
5001000US0801,0801,"Congressional District 1 (110th Congress), Colorado",279664,279655,279655,0,9,0
5001000US0802,0802,"Congressional District 2 (110th Congress), Colorado",270633,218759,188086,30673,51874,0
5001000US0803,0803,"Congressional District 3 (110th Congress), Colorado",284931,160913,89928,70985,124018,0
5001000US0804,0804,"Congressional District 4 (110th Congress), Colorado",245293,180451,145522,34929,64842,0
5001000US0805,0805,"Congressional District 5 (110th Congress), Colorado",249295,206543,183235,23308,42752,0
5001000US0806,0806,"Congressional District 6 (110th Congress), Colorado",229881,192463,177427,15036,37418,0
5001000US0807,0807,"Congressional District 7 (110th Congress), Colorado",248340,243166,235979,7187,5174,0
5001000US0901,0901,"Congressional District 1 (110th Congress), Connecticut",284112,265992,257886,8106,18120,0
5001000US0902,0902,"Congressional District 2 (110th Congress), Connecticut",277468,187622,152189,35433,89846,0
5001000US0903,0903,"Congressional District 3 (110th Congress), Connecticut",283365,274696,274696,0,8669,0
5001000US0904,0904,"Congressional District 4 (110th Congress), Connecticut",262015,252263,252263,0,9752,0
5001000US0905,0905,"Congressional District 5 (110th Congress), Connecticut",279015,238051,226754,11297,40964,0
5001000US1000,1000,"Congressional District (at Large) (110th Congress), Delaware",343072,274756,213852,60904,68316,0
5001000US1198,1198,"Delegate District (at Large) (110th Congress), District of Columbia",274845,274845,274845,0,0,0
5001000US1201,1201,"Congressional District 1 (110th Congress), Florida",275740,212937,198711,14226,62803,0
5001000US1202,1202,"Congressional District 2 (110th Congress), Florida",309196,188749,168657,20092,120447,0
5001000US1203,1203,"Congressional District 3 (110th Congress), Florida",265456,232506,225419,7087,32950,0
5001000US1204,1204,"Congressional District 4 (110th Congress), Florida",267645,212658,183972,28686,54987,0
5001000US1205,1205,"Congressional District 5 (110th Congress), Florida",306780,200053,139276,60777,106727,0
5001000US1206,1206,"Congressional District 6 (110th Congress), Florida",272294,191287,170194,21093,81007,0
5001000US1207,1207,"Congressional District 7 (110th Congress), Florida",290206,251724,231070,20654,38482,0
5001000US1208,1208,"Congressional District 8 (110th Congress), Florida",280007,254897,254897,0,25110,0
5001000US1209,1209,"Congressional District 9 (110th Congress), Florida",301672,285535,285535,0,16137,0
5001000US1210,1210,"Congressional District 10 (110th Congress), Florida",344300,344300,344300,0,0,0
5001000US1211,1211,"Congressional District 11 (110th Congress), Florida",282666,280852,278487,2365,1814,0
5001000US1212,1212,"Congressional District 12 (110th Congress), Florida",283392,236415,207069,29346,46977,0
5001000US1213,1213,"Congressional District 13 (110th Congress), Florida",347572,318595,307916,10679,28977,0
5001000US1214,1214,"Congressional District 14 (110th Congress), Florida",375780,340665,313304,27361,35115,0
5001000US1215,1215,"Congressional District 15 (110th Congress), Florida",305220,272298,269652,2646,32922,0
5001000US1216,1216,"Congressional District 16 (110th Congress), Florida",316721,267223,217371,49852,49498,0
5001000US1217,1217,"Congressional District 17 (110th Congress), Florida",236236,236236,236236,0,0,0
5001000US1218,1218,"Congressional District 18 (110th Congress), Florida",300463,294501,242406,52095,5962,0
5001000US1219,1219,"Congressional District 19 (110th Congress), Florida",326763,325800,325800,0,963,0
5001000US1220,1220,"Congressional District 20 (110th Congress), Florida",318204,316940,316940,0,1264,0
5001000US1221,1221,"Congressional District 21 (110th Congress), Florida",220665,220350,220350,0,315,0
5001000US1222,1222,"Congressional District 22 (110th Congress), Florida",343404,340910,337914,2996,2494,0
5001000US1223,1223,"Congressional District 23 (110th Congress), Florida",250353,245725,233135,12590,4628,0
5001000US1224,1224,"Congressional District 24 (110th Congress), Florida",273931,251448,251224,224,22483,0
5001000US1225,1225,"Congressional District 25 (110th Congress), Florida",208281,195939,189166,6773,12342,0
5001000US1301,1301,"Congressional District 1 (110th Congress), Georgia",264731,149949,92859,57090,114782,0
5001000US1302,1302,"Congressional District 2 (110th Congress), Georgia",256790,145057,91282,53775,111733,0
5001000US1303,1303,"Congressional District 3 (110th Congress), Georgia",243046,138120,94861,43259,104926,0
5001000US1304,1304,"Congressional District 4 (110th Congress), Georgia",232467,228843,228843,0,3624,0
5001000US1305,1305,"Congressional District 5 (110th Congress), Georgia",278742,277921,277921,0,821,0
5001000US1306,1306,"Congressional District 6 (110th Congress), Georgia",248070,232489,232489,0,15581,0
5001000US1307,1307,"Congressional District 7 (110th Congress), Georgia",226461,195534,183817,11717,30927,0
5001000US1308,1308,"Congressional District 8 (110th Congress), Georgia",260598,151425,104252,47173,109173,0
5001000US1309,1309,"Congressional District 9 (110th Congress), Georgia",256239,113094,100794,12300,143145,0
5001000US1310,1310,"Congressional District 10 (110th Congress), Georgia",271827,130014,102788,27226,141813,0
5001000US1311,1311,"Congressional District 11 (110th Congress), Georgia",243398,170233,128618,41615,73165,0
5001000US1312,1312,"Congressional District 12 (110th Congress), Georgia",258420,153451,103034,50417,104969,0
5001000US1313,1313,"Congressional District 13 (110th Congress), Georgia",240948,232530,231422,1108,8418,0
5001000US1501,1501,"Congressional District 1 (110th Congress), Hawaii",232131,230701,230701,0,1430,0
5001000US1502,1502,"Congressional District 2 (110th Congress), Hawaii",228411,183796,71849,111947,44615,0
5001000US1601,1601,"Congressional District 1 (110th Congress), Idaho",268098,163453,129338,34115,104645,0
5001000US1602,1602,"Congressional District 2 (110th Congress), Idaho",259726,173372,109202,64170,86354,0
5001000US1701,1701,"Congressional District 1 (110th Congress), Illinois",254874,254848,254848,0,26,0
5001000US1702,1702,"Congressional District 2 (110th Congress), Illinois",243889,243414,243414,0,475,0
5001000US1703,1703,"Congressional District 3 (110th Congress), Illinois",246643,246614,246614,0,29,0
5001000US1704,1704,"Congressional District 4 (110th Congress), Illinois",208851,208851,208851,0,0,0
5001000US1705,1705,"Congressional District 5 (110th Congress), Illinois",277100,277100,277100,0,0,0
5001000US1706,1706,"Congressional District 6 (110th Congress), Illinois",238484,238424,238424,0,60,0
5001000US1707,1707,"Congressional District 7 (110th Congress), Illinois",280304,280304,280304,0,0,0
5001000US1708,1708,"Congressional District 8 (110th Congress), Illinois",244538,234804,225925,8879,9734,0
5001000US1709,1709,"Congressional District 9 (110th Congress), Illinois",279283,279283,279283,0,0,0
5001000US1710,1710,"Congressional District 10 (110th Congress), Illinois",237175,236064,236064,0,1111,0
5001000US1711,1711,"Congressional District 11 (110th Congress), Illinois",250349,195586,136286,59300,54763,0
5001000US1712,1712,"Congressional District 12 (110th Congress), Illinois",278780,215397,147144,68253,63383,0
5001000US1713,1713,"Congressional District 13 (110th Congress), Illinois",239926,237213,237213,0,2713,0
5001000US1714,1714,"Congressional District 14 (110th Congress), Illinois",229912,196074,177782,18292,33838,0
5001000US1715,1715,"Congressional District 15 (110th Congress), Illinois",277193,180826,102575,78251,96367,0
5001000US1716,1716,"Congressional District 16 (110th Congress), Illinois",261384,202841,161492,41349,58543,0
5001000US1717,1717,"Congressional District 17 (110th Congress), Illinois",284299,203182,106363,96819,81117,0
5001000US1718,1718,"Congressional District 18 (110th Congress), Illinois",276737,189977,147534,42443,86760,0
5001000US1719,1719,"Congressional District 19 (110th Congress), Illinois",275894,146212,59446,86766,129682,0
5001000US1801,1801,"Congressional District 1 (110th Congress), Indiana",269523,236304,223169,13135,33219,0
5001000US1802,1802,"Congressional District 2 (110th Congress), Indiana",279083,204527,175450,29077,74556,0
5001000US1803,1803,"Congressional District 3 (110th Congress), Indiana",278814,186660,141596,45064,92154,0
5001000US1804,1804,"Congressional District 4 (110th Congress), Indiana",268893,185130,146071,39059,83763,0
5001000US1805,1805,"Congressional District 5 (110th Congress), Indiana",275056,208623,143045,65578,66433,0
5001000US1806,1806,"Congressional District 6 (110th Congress), Indiana",281053,174162,94483,79679,106891,0
5001000US1807,1807,"Congressional District 7 (110th Congress), Indiana",307838,307038,307038,0,800,0
5001000US1808,1808,"Congressional District 8 (110th Congress), Indiana",288649,172152,115875,56277,116497,0
5001000US1809,1809,"Congressional District 9 (110th Congress), Indiana",283410,152290,94960,57330,131120,0
5001000US1901,1901,"Congressional District 1 (110th Congress), Iowa",241991,161940,124859,37081,80051,0
5001000US1902,1902,"Congressional District 2 (110th Congress), Iowa",248194,166907,103086,63821,81287,0
5001000US1903,1903,"Congressional District 3 (110th Congress), Iowa",245617,180823,148045,32778,64794,0
5001000US1904,1904,"Congressional District 4 (110th Congress), Iowa",247124,124796,25914,98882,122328,0
5001000US1905,1905,"Congressional District 5 (110th Congress), Iowa",249585,122564,60841,61723,127021,0
5001000US2001,2001,"Congressional District 1 (110th Congress), Kansas",292436,147869,0,147869,144567,0
5001000US2002,2002,"Congressional District 2 (110th Congress), Kansas",280213,168447,74813,93634,111766,0
5001000US2003,2003,"Congressional District 3 (110th Congress), Kansas",272721,259808,252271,7537,12913,0
5001000US2004,2004,"Congressional District 4 (110th Congress), Kansas",285830,228259,180709,47550,57571,0
5001000US2101,2101,"Congressional District 1 (110th Congress), Kentucky",302480,108736,17709,91027,193744,0
5001000US2102,2102,"Congressional District 2 (110th Congress), Kentucky",282766,133326,102191,31135,149440,0
5001000US2103,2103,"Congressional District 3 (110th Congress), Kentucky",298522,293864,293864,0,4658,0
5001000US2104,2104,"Congressional District 4 (110th Congress), Kentucky",280766,167912,149209,18703,112854,0
5001000US2105,2105,"Congressional District 5 (110th Congress), Kentucky",297361,64358,0,64358,233003,0
5001000US2106,2106,"Congressional District 6 (110th Congress), Kentucky",289032,211013,112433,98580,78019,0
5001000US2201,2201,"Congressional District 1 (110th Congress), Louisiana",271732,218534,188771,29763,53198,0
5001000US2202,2202,"Congressional District 2 (110th Congress), Louisiana",265337,263292,263292,0,2045,0
5001000US2203,2203,"Congressional District 3 (110th Congress), Louisiana",248774,178054,91113,86941,70720,0
5001000US2204,2204,"Congressional District 4 (110th Congress), Louisiana",277450,158886,117106,41780,118564,0
5001000US2205,2205,"Congressional District 5 (110th Congress), Louisiana",264734,135160,79866,55294,129574,0
5001000US2206,2206,"Congressional District 6 (110th Congress), Louisiana",255967,194420,186346,8074,61547,0
5001000US2207,2207,"Congressional District 7 (110th Congress), Louisiana",263187,183626,125756,57870,79561,0
5001000US2301,2301,"Congressional District 1 (110th Congress), Maine",313375,147326,93953,53373,166049,0
5001000US2302,2302,"Congressional District 2 (110th Congress), Maine",338526,91325,49363,41962,247201,0
5001000US2401,2401,"Congressional District 1 (110th Congress), Maryland",294381,191370,120107,71263,103011,0
5001000US2402,2402,"Congressional District 2 (110th Congress), Maryland",277397,273461,273461,0,3936,0
5001000US2403,2403,"Congressional District 3 (110th Congress), Maryland",278853,275765,275765,0,3088,0
5001000US2404,2404,"Congressional District 4 (110th Congress), Maryland",247830,243105,243105,0,4725,0
5001000US2405,2405,"Congressional District 5 (110th Congress), Maryland",248441,186976,151231,35745,61465,0
5001000US2406,2406,"Congressional District 6 (110th Congress), Maryland",258628,156062,112388,43674,102566,0
5001000US2407,2407,"Congressional District 7 (110th Congress), Maryland",280497,269427,269136,291,11070,0
5001000US2408,2408,"Congressional District 8 (110th Congress), Maryland",259256,256330,254828,1502,2926,0
5001000US2501,2501,"Congressional District 1 (110th Congress), Massachusetts",267100,182758,125529,57229,84342,0
5001000US2502,2502,"Congressional District 2 (110th Congress), Massachusetts",255284,218875,215569,3306,36409,0
5001000US2503,2503,"Congressional District 3 (110th Congress), Massachusetts",250039,235109,235109,0,14930,0
5001000US2504,2504,"Congressional District 4 (110th Congress), Massachusetts",256748,228889,228889,0,27859,0
5001000US2505,2505,"Congressional District 5 (110th Congress), Massachusetts",234513,219707,219515,192,14806,0
5001000US2506,2506,"Congressional District 6 (110th Congress), Massachusetts",253272,240994,240994,0,12278,0
5001000US2507,2507,"Congressional District 7 (110th Congress), Massachusetts",262033,260793,260793,0,1240,0
5001000US2508,2508,"Congressional District 8 (110th Congress), Massachusetts",266754,266754,266754,0,0,0
5001000US2509,2509,"Congressional District 9 (110th Congress), Massachusetts",246476,242942,242942,0,3534,0
5001000US2510,2510,"Congressional District 10 (110th Congress), Massachusetts",329770,291662,277346,14316,38108,0
5001000US2601,2601,"Congressional District 1 (110th Congress), Michigan",390670,102297,1159,101138,288373,0
5001000US2602,2602,"Congressional District 2 (110th Congress), Michigan",290170,147830,124540,23290,142340,0
5001000US2603,2603,"Congressional District 3 (110th Congress), Michigan",257995,199718,183196,16522,58277,0
5001000US2604,2604,"Congressional District 4 (110th Congress), Michigan",311749,119003,28757,90246,192746,0
5001000US2605,2605,"Congressional District 5 (110th Congress), Michigan",278055,225898,217549,8349,52157,0
5001000US2606,2606,"Congressional District 6 (110th Congress), Michigan",286509,166880,122386,44494,119629,0
5001000US2607,2607,"Congressional District 7 (110th Congress), Michigan",271488,148235,101932,46303,123253,0
5001000US2608,2608,"Congressional District 8 (110th Congress), Michigan",259014,188028,173256,14772,70986,0
5001000US2609,2609,"Congressional District 9 (110th Congress), Michigan",275727,273953,273953,0,1774,0
5001000US2610,2610,"Congressional District 10 (110th Congress), Michigan",266867,174477,161120,13357,92390,0
5001000US2611,2611,"Congressional District 11 (110th Congress), Michigan",266956,259499,259499,0,7457,0
5001000US2612,2612,"Congressional District 12 (110th Congress), Michigan",284031,284031,284031,0,0,0
5001000US2613,2613,"Congressional District 13 (110th Congress), Michigan",268629,268629,268629,0,0,0
5001000US2614,2614,"Congressional District 14 (110th Congress), Michigan",261530,261530,261530,0,0,0
5001000US2615,2615,"Congressional District 15 (110th Congress), Michigan",264889,235243,229975,5268,29646,0
5001000US2701,2701,"Congressional District 1 (110th Congress), Minnesota",251376,142704,39658,103046,108672,0
5001000US2702,2702,"Congressional District 2 (110th Congress), Minnesota",224445,179241,137420,41821,45204,0
5001000US2703,2703,"Congressional District 3 (110th Congress), Minnesota",242995,234370,233054,1316,8625,0
5001000US2704,2704,"Congressional District 4 (110th Congress), Minnesota",248075,247808,247808,0,267,0
5001000US2705,2705,"Congressional District 5 (110th Congress), Minnesota",271495,271495,271495,0,0,0
5001000US2706,2706,"Congressional District 6 (110th Congress), Minnesota",223743,143805,103383,40422,79938,0
5001000US2707,2707,"Congressional District 7 (110th Congress), Minnesota",283841,89657,16703,72954,194184,0
5001000US2708,2708,"Congressional District 8 (110th Congress), Minnesota",319976,100984,38938,62046,218992,0
5001000US2801,2801,"Congressional District 1 (110th Congress), Mississippi",294894,111244,25381,85863,183650,0
5001000US2802,2802,"Congressional District 2 (110th Congress), Mississippi",271865,169687,72032,97655,102178,0
5001000US2803,2803,"Congressional District 3 (110th Congress), Mississippi",299676,122247,46738,75509,177429,0
5001000US2804,2804,"Congressional District 4 (110th Congress), Mississippi",295518,162893,137117,25776,132625,0
5001000US2901,2901,"Congressional District 1 (110th Congress), Missouri",277297,275345,275345,0,1952,0
5001000US2902,2902,"Congressional District 2 (110th Congress), Missouri",239987,219869,213981,5888,20118,0
5001000US2903,2903,"Congressional District 3 (110th Congress), Missouri",273573,241527,234743,6784,32046,0
5001000US2904,2904,"Congressional District 4 (110th Congress), Missouri",289412,102968,26405,76563,186444,0
5001000US2905,2905,"Congressional District 5 (110th Congress), Missouri",276362,267241,266272,969,9121,0
5001000US2906,2906,"Congressional District 6 (110th Congress), Missouri",263791,170800,134024,36776,92991,0
5001000US2907,2907,"Congressional District 7 (110th Congress), Missouri",272623,162378,126981,35397,110245,0
5001000US2908,2908,"Congressional District 8 (110th Congress), Missouri",279981,108434,0,108434,171547,0
5001000US2909,2909,"Congressional District 9 (110th Congress), Missouri",268991,119550,53714,65836,149441,0
5001000US3000,3000,"Congressional District (at Large) (110th Congress), Montana",412633,214528,101411,113117,198105,0
5001000US3101,3101,"Congressional District 1 (110th Congress), Nebraska",236749,154975,102821,52154,81774,0
5001000US3102,3102,"Congressional District 2 (110th Congress), Nebraska",231702,226567,226567,0,5135,0
5001000US3103,3103,"Congressional District 3 (110th Congress), Nebraska",254217,112653,0,112653,141564,0
5001000US3201,3201,"Congressional District 1 (110th Congress), Nevada",266632,266366,266366,0,266,0
5001000US3202,3202,"Congressional District 2 (110th Congress), Nevada",284474,219701,159811,59890,64773,0
5001000US3203,3203,"Congressional District 3 (110th Congress), Nevada",276351,263863,254200,9663,12488,0
5001000US3301,3301,"Congressional District 1 (110th Congress), New Hampshire",276597,173689,155961,17728,102908,0
5001000US3302,3302,"Congressional District 2 (110th Congress), New Hampshire",270427,130269,68809,61460,140158,0
5001000US3401,3401,"Congressional District 1 (110th Congress), New Jersey",253865,250402,250383,19,3463,0
5001000US3402,3402,"Congressional District 2 (110th Congress), New Jersey",313388,261859,237875,23984,51529,0
5001000US3403,3403,"Congressional District 3 (110th Congress), New Jersey",287981,278490,266739,11751,9491,0
5001000US3404,3404,"Congressional District 4 (110th Congress), New Jersey",259359,243820,242336,1484,15539,0
5001000US3405,3405,"Congressional District 5 (110th Congress), New Jersey",239808,196754,174338,22416,43054,0
5001000US3406,3406,"Congressional District 6 (110th Congress), New Jersey",249016,248498,248498,0,518,0
5001000US3407,3407,"Congressional District 7 (110th Congress), New Jersey",239070,217100,215611,1489,21970,0
5001000US3408,3408,"Congressional District 8 (110th Congress), New Jersey",232828,232828,232828,0,0,0
5001000US3409,3409,"Congressional District 9 (110th Congress), New Jersey",259435,259435,259435,0,0,0
5001000US3410,3410,"Congressional District 10 (110th Congress), New Jersey",244902,244902,244902,0,0,0
5001000US3411,3411,"Congressional District 11 (110th Congress), New Jersey",240141,225268,221649,3619,14873,0
5001000US3412,3412,"Congressional District 12 (110th Congress), New Jersey",242791,226654,224359,2295,16137,0
5001000US3413,3413,"Congressional District 13 (110th Congress), New Jersey",247691,247691,247691,0,0,0
5001000US3501,3501,"Congressional District 1 (110th Congress), New Mexico",258465,236877,229487,7390,21588,0
5001000US3502,3502,"Congressional District 2 (110th Congress), New Mexico",261112,180377,50468,129909,80735,0
5001000US3503,3503,"Congressional District 3 (110th Congress), New Mexico",261002,157817,82188,75629,103185,0
5001000US3601,3601,"Congressional District 1 (110th Congress), New York",267495,230177,202634,27543,37318,0
5001000US3602,3602,"Congressional District 2 (110th Congress), New York",214733,211749,211749,0,2984,0
5001000US3603,3603,"Congressional District 3 (110th Congress), New York",231217,229912,229912,0,1305,0
5001000US3604,3604,"Congressional District 4 (110th Congress), New York",217342,217342,217342,0,0,0
5001000US3605,3605,"Congressional District 5 (110th Congress), New York",236264,236264,236264,0,0,0
5001000US3606,3606,"Congressional District 6 (110th Congress), New York",216188,216188,216188,0,0,0
5001000US3607,3607,"Congressional District 7 (110th Congress), New York",250324,250324,250324,0,0,0
5001000US3608,3608,"Congressional District 8 (110th Congress), New York",322592,322592,322592,0,0,0
5001000US3609,3609,"Congressional District 9 (110th Congress), New York",268397,268397,268397,0,0,0
5001000US3610,3610,"Congressional District 10 (110th Congress), New York",244308,244308,244308,0,0,0
5001000US3611,3611,"Congressional District 11 (110th Congress), New York",249902,249902,249902,0,0,0
5001000US3612,3612,"Congressional District 12 (110th Congress), New York",237811,237811,237811,0,0,0
5001000US3613,3613,"Congressional District 13 (110th Congress), New York",251733,251733,251733,0,0,0
5001000US3614,3614,"Congressional District 14 (110th Congress), New York",367087,367087,367087,0,0,0
5001000US3615,3615,"Congressional District 15 (110th Congress), New York",265132,265132,265132,0,0,0
5001000US3616,3616,"Congressional District 16 (110th Congress), New York",225444,225444,225444,0,0,0
5001000US3617,3617,"Congressional District 17 (110th Congress), New York",245682,245438,245438,0,244,0
5001000US3618,3618,"Congressional District 18 (110th Congress), New York",242577,240961,240961,0,1616,0
5001000US3619,3619,"Congressional District 19 (110th Congress), New York",236151,184866,165359,19507,51285,0
5001000US3620,3620,"Congressional District 20 (110th Congress), New York",303978,122621,88294,34327,181357,0
5001000US3621,3621,"Congressional District 21 (110th Congress), New York",292439,247092,216702,30390,45347,0
5001000US3622,3622,"Congressional District 22 (110th Congress), New York",290893,185474,160174,25300,105419,0
5001000US3623,3623,"Congressional District 23 (110th Congress), New York",306304,90041,3954,86087,216263,0
5001000US3624,3624,"Congressional District 24 (110th Congress), New York",286350,143474,60988,82486,142876,0
5001000US3625,3625,"Congressional District 25 (110th Congress), New York",277474,221532,209136,12396,55942,0
5001000US3626,3626,"Congressional District 26 (110th Congress), New York",257303,186877,132355,54522,70426,0
5001000US3627,3627,"Congressional District 27 (110th Congress), New York",289475,237872,197465,40407,51603,0
5001000US3628,3628,"Congressional District 28 (110th Congress), New York",301358,283856,280578,3278,17502,0
5001000US3629,3629,"Congressional District 29 (110th Congress), New York",283354,156877,105023,51854,126477,0
5001000US3701,3701,"Congressional District 1 (110th Congress), North Carolina",271800,127944,45980,81964,143856,0
5001000US3702,3702,"Congressional District 2 (110th Congress), North Carolina",246226,116125,71244,44881,130101,0
5001000US3703,3703,"Congressional District 3 (110th Congress), North Carolina",292103,146591,65252,81339,145512,0
5001000US3704,3704,"Congressional District 4 (110th Congress), North Carolina",257496,214304,213027,1277,43192,0
5001000US3705,3705,"Congressional District 5 (110th Congress), North Carolina",278177,116237,73755,42482,161940,0
5001000US3706,3706,"Congressional District 6 (110th Congress), North Carolina",265995,139847,103719,36128,126148,0
5001000US3707,3707,"Congressional District 7 (110th Congress), North Carolina",295203,139101,94749,44352,156102,0
5001000US3708,3708,"Congressional District 8 (110th Congress), North Carolina",256713,177963,142979,34984,78750,0
5001000US3709,3709,"Congressional District 9 (110th Congress), North Carolina",259245,220951,220344,607,38294,0
5001000US3710,3710,"Congressional District 10 (110th Congress), North Carolina",269419,130995,82397,48598,138424,0
5001000US3711,3711,"Congressional District 11 (110th Congress), North Carolina",310382,126547,103992,22555,183835,0
5001000US3712,3712,"Congressional District 12 (110th Congress), North Carolina",254282,224856,200313,24543,29426,0
5001000US3713,3713,"Congressional District 13 (110th Congress), North Carolina",266903,199877,172632,27245,67026,0
5001000US3800,3800,"Congressional District (at Large) (110th Congress), North Dakota",289677,156545,100272,56273,133132,0
5001000US3901,3901,"Congressional District 1 (110th Congress), Ohio",276519,264597,264597,0,11922,0
5001000US3902,3902,"Congressional District 2 (110th Congress), Ohio",263424,196299,168077,28222,67125,0
5001000US3903,3903,"Congressional District 3 (110th Congress), Ohio",273309,235086,215980,19106,38223,0
5001000US3904,3904,"Congressional District 4 (110th Congress), Ohio",258218,158932,65236,93696,99286,0
5001000US3905,3905,"Congressional District 5 (110th Congress), Ohio",251978,128508,21168,107340,123470,0
5001000US3906,3906,"Congressional District 6 (110th Congress), Ohio",270657,138142,84258,53884,132515,0
5001000US3907,3907,"Congressional District 7 (110th Congress), Ohio",251533,182844,137757,45087,68689,0
5001000US3908,3908,"Congressional District 8 (110th Congress), Ohio",253280,199597,165042,34555,53683,0
5001000US3909,3909,"Congressional District 9 (110th Congress), Ohio",278489,238202,225713,12489,40287,0
5001000US3910,3910,"Congressional District 10 (110th Congress), Ohio",277697,276330,276330,0,1367,0
5001000US3911,3911,"Congressional District 11 (110th Congress), Ohio",287490,287490,287490,0,0,0
5001000US3912,3912,"Congressional District 12 (110th Congress), Ohio",268166,239726,223472,16254,28440,0
5001000US3913,3913,"Congressional District 13 (110th Congress), Ohio",258456,241604,241604,0,16852,0
5001000US3914,3914,"Congressional District 14 (110th Congress), Ohio",251507,191110,160337,30773,60397,0
5001000US3915,3915,"Congressional District 15 (110th Congress), Ohio",272859,252018,237946,14072,20841,0
5001000US3916,3916,"Congressional District 16 (110th Congress), Ohio",254317,194257,134245,60012,60060,0
5001000US3917,3917,"Congressional District 17 (110th Congress), Ohio",268809,229909,228663,1246,38900,0
5001000US3918,3918,"Congressional District 18 (110th Congress), Ohio",266343,121028,18734,102294,145315,0
5001000US4001,4001,"Congressional District 1 (110th Congress), Oklahoma",296941,267671,231370,36301,29270,0
5001000US4002,4002,"Congressional District 2 (110th Congress), Oklahoma",314110,108314,1164,107150,205796,0
5001000US4003,4003,"Congressional District 3 (110th Congress), Oklahoma",301501,151259,24823,126436,150242,0
5001000US4004,4004,"Congressional District 4 (110th Congress), Oklahoma",294070,185685,135073,50612,108385,0
5001000US4005,4005,"Congressional District 5 (110th Congress), Oklahoma",307778,272813,253033,19780,34965,0
5001000US4101,4101,"Congressional District 1 (110th Congress), Oregon",288871,251834,210622,41212,37037,0
5001000US4102,4102,"Congressional District 2 (110th Congress), Oregon",296961,183429,78261,105168,113532,0
5001000US4103,4103,"Congressional District 3 (110th Congress), Oregon",285413,266333,261130,5203,19080,0
5001000US4104,4104,"Congressional District 4 (110th Congress), Oregon",297841,206583,113446,93137,91258,0
5001000US4105,4105,"Congressional District 5 (110th Congress), Oregon",283623,223395,165831,57564,60228,0
5001000US4201,4201,"Congressional District 1 (110th Congress), Pennsylvania",271509,271509,271509,0,0,0
5001000US4202,4202,"Congressional District 2 (110th Congress), Pennsylvania",296513,296513,296513,0,0,0
5001000US4203,4203,"Congressional District 3 (110th Congress), Pennsylvania",273358,158844,96004,62840,114514,0
5001000US4204,4204,"Congressional District 4 (110th Congress), Pennsylvania",269107,214644,190513,24131,54463,0
5001000US4205,4205,"Congressional District 5 (110th Congress), Pennsylvania",305293,124497,33398,91099,180796,0
5001000US4206,4206,"Congressional District 6 (110th Congress), Pennsylvania",256447,222314,218059,4255,34133,0
5001000US4207,4207,"Congressional District 7 (110th Congress), Pennsylvania",256243,252733,252733,0,3510,0
5001000US4208,4208,"Congressional District 8 (110th Congress), Pennsylvania",243592,220466,217649,2817,23126,0
5001000US4209,4209,"Congressional District 9 (110th Congress), Pennsylvania",279248,113630,43506,70124,165618,0
5001000US4210,4210,"Congressional District 10 (110th Congress), Pennsylvania",311873,126743,62838,63905,185130,0
5001000US4211,4211,"Congressional District 11 (110th Congress), Pennsylvania",300865,213225,160721,52504,87640,0
5001000US4212,4212,"Congressional District 12 (110th Congress), Pennsylvania",287786,184803,141862,42941,102983,0
5001000US4213,4213,"Congressional District 13 (110th Congress), Pennsylvania",260950,257325,257325,0,3625,0
5001000US4214,4214,"Congressional District 14 (110th Congress), Pennsylvania",313845,313255,313255,0,590,0
5001000US4215,4215,"Congressional District 15 (110th Congress), Pennsylvania",261074,229173,229161,12,31901,0
5001000US4216,4216,"Congressional District 16 (110th Congress), Pennsylvania",245546,193457,177768,15689,52089,0
5001000US4217,4217,"Congressional District 17 (110th Congress), Pennsylvania",276959,195414,142173,53241,81545,0
5001000US4218,4218,"Congressional District 18 (110th Congress), Pennsylvania",275545,232820,230839,1981,42725,0
5001000US4219,4219,"Congressional District 19 (110th Congress), Pennsylvania",263997,191463,140487,50976,72534,0
5001000US4401,4401,"Congressional District 1 (110th Congress), Rhode Island",221472,211645,211645,0,9827,0
5001000US4402,4402,"Congressional District 2 (110th Congress), Rhode Island",218365,188146,175422,12724,30219,0
5001000US4501,4501,"Congressional District 1 (110th Congress), South Carolina",328140,261640,245141,16499,66500,0
5001000US4502,4502,"Congressional District 2 (110th Congress), South Carolina",289168,191149,135139,56010,98019,0
5001000US4503,4503,"Congressional District 3 (110th Congress), South Carolina",292329,145411,88565,56846,146918,0
5001000US4504,4504,"Congressional District 4 (110th Congress), South Carolina",285176,212076,203591,8485,73100,0
5001000US4505,4505,"Congressional District 5 (110th Congress), South Carolina",279434,130207,57283,72924,149227,0
5001000US4506,4506,"Congressional District 6 (110th Congress), South Carolina",279423,132704,98769,33935,146719,0
5001000US4600,4600,"Congressional District (at Large) (110th Congress), South Dakota",323208,166786,80826,85960,156422,0
5001000US4701,4701,"Congressional District 1 (110th Congress), Tennessee",290120,159811,129380,30431,130309,0
5001000US4702,4702,"Congressional District 2 (110th Congress), Tennessee",281817,203693,187030,16663,78124,0
5001000US4703,4703,"Congressional District 3 (110th Congress), Tennessee",277848,178724,150242,28482,99124,0
5001000US4704,4704,"Congressional District 4 (110th Congress), Tennessee",276371,91752,3277,88475,184619,0
5001000US4705,4705,"Congressional District 5 (110th Congress), Tennessee",275069,247515,241406,6109,27554,0
5001000US4706,4706,"Congressional District 6 (110th Congress), Tennessee",257944,135888,92676,43212,122056,0
5001000US4707,4707,"Congressional District 7 (110th Congress), Tennessee",248373,145442,130571,14871,102931,0
5001000US4708,4708,"Congressional District 8 (110th Congress), Tennessee",267354,125034,62402,62632,142320,0
5001000US4709,4709,"Congressional District 9 (110th Congress), Tennessee",264547,263455,263455,0,1092,0
5001000US4801,4801,"Congressional District 1 (110th Congress), Texas",279805,136120,74372,61748,143685,0
5001000US4802,4802,"Congressional District 2 (110th Congress), Texas",251749,224900,216517,8383,26849,0
5001000US4803,4803,"Congressional District 3 (110th Congress), Texas",254346,251525,251525,0,2821,0
5001000US4804,4804,"Congressional District 4 (110th Congress), Texas",270584,129951,73153,56798,140633,0
5001000US4805,4805,"Congressional District 5 (110th Congress), Texas",263657,171203,123402,47801,92454,0
5001000US4806,4806,"Congressional District 6 (110th Congress), Texas",255783,199354,165999,33355,56429,0
5001000US4807,4807,"Congressional District 7 (110th Congress), Texas",299186,298546,298546,0,640,0
5001000US4808,4808,"Congressional District 8 (110th Congress), Texas",269226,122512,50025,72487,146714,0
5001000US4809,4809,"Congressional District 9 (110th Congress), Texas",246723,246172,246172,0,551,0
5001000US4810,4810,"Congressional District 10 (110th Congress), Texas",257378,205295,181523,23772,52083,0
5001000US4811,4811,"Congressional District 11 (110th Congress), Texas",290784,196077,125128,70949,94707,0
5001000US4812,4812,"Congressional District 12 (110th Congress), Texas",254201,210815,195861,14954,43386,0
5001000US4813,4813,"Congressional District 13 (110th Congress), Texas",278725,187939,114423,73516,90786,0
5001000US4814,4814,"Congressional District 14 (110th Congress), Texas",276036,190560,148485,42075,85476,0
5001000US4815,4815,"Congressional District 15 (110th Congress), Texas",236298,187058,151185,35873,49240,0
5001000US4816,4816,"Congressional District 16 (110th Congress), Texas",216744,212891,210652,2239,3853,0
5001000US4817,4817,"Congressional District 17 (110th Congress), Texas",261488,165327,121712,43615,96161,0
5001000US4818,4818,"Congressional District 18 (110th Congress), Texas",244323,243957,243957,0,366,0
5001000US4819,4819,"Congressional District 19 (110th Congress), Texas",271311,198368,128999,69369,72943,0
5001000US4820,4820,"Congressional District 20 (110th Congress), Texas",238239,237587,237587,0,652,0
5001000US4821,4821,"Congressional District 21 (110th Congress), Texas",278344,221160,181361,39799,57184,0
5001000US4822,4822,"Congressional District 22 (110th Congress), Texas",239440,227209,226240,969,12231,0
5001000US4823,4823,"Congressional District 23 (110th Congress), Texas",233763,170443,109870,60573,63320,0
5001000US4824,4824,"Congressional District 24 (110th Congress), Texas",261505,259644,259644,0,1861,0
5001000US4825,4825,"Congressional District 25 (110th Congress), Texas",261868,194759,151844,42915,67109,0
5001000US4826,4826,"Congressional District 26 (110th Congress), Texas",247725,223892,213124,10768,23833,0
5001000US4827,4827,"Congressional District 27 (110th Congress), Texas",242065,214272,175655,38617,27793,0
5001000US4828,4828,"Congressional District 28 (110th Congress), Texas",219332,166060,117865,48195,53272,0
5001000US4829,4829,"Congressional District 29 (110th Congress), Texas",207832,206515,206515,0,1317,0
5001000US4830,4830,"Congressional District 30 (110th Congress), Texas",237867,234761,233448,1313,3106,0
5001000US4831,4831,"Congressional District 31 (110th Congress), Texas",244306,185225,146560,38665,59081,0
5001000US4832,4832,"Congressional District 32 (110th Congress), Texas",266942,266767,266767,0,175,0
5001000US4901,4901,"Congressional District 1 (110th Congress), Utah",261937,227598,200344,27254,34339,0
5001000US4902,4902,"Congressional District 2 (110th Congress), Utah",285074,231125,201439,29686,53949,0
5001000US4903,4903,"Congressional District 3 (110th Congress), Utah",221583,197664,177506,20158,23919,0
5001000US5000,5000,"Congressional District (at Large) (110th Congress), Vermont",294382,98819,43061,55758,195563,0
5001000US5101,5101,"Congressional District 1 (110th Congress), Virginia",261616,159909,154239,5670,101707,0
5001000US5102,5102,"Congressional District 2 (110th Congress), Virginia",249962,225914,221278,4636,24048,0
5001000US5103,5103,"Congressional District 3 (110th Congress), Virginia",272317,252600,252600,0,19717,0
5001000US5104,5104,"Congressional District 4 (110th Congress), Virginia",246716,173628,149012,24616,73088,0
5001000US5105,5105,"Congressional District 5 (110th Congress), Virginia",287779,100760,65259,35501,187019,0
5001000US5106,5106,"Congressional District 6 (110th Congress), Virginia",275234,177279,137347,39932,97955,0
5001000US5107,5107,"Congressional District 7 (110th Congress), Virginia",267394,188657,177920,10737,78737,0
5001000US5108,5108,"Congressional District 8 (110th Congress), Virginia",288494,288494,288494,0,0,0
5001000US5109,5109,"Congressional District 9 (110th Congress), Virginia",290839,95965,35294,60671,194874,0
5001000US5110,5110,"Congressional District 10 (110th Congress), Virginia",237654,194385,179409,14976,43269,0
5001000US5111,5111,"Congressional District 11 (110th Congress), Virginia",226187,217005,217005,0,9182,0
5001000US5301,5301,"Congressional District 1 (110th Congress), Washington",261949,249965,246993,2972,11984,0
5001000US5302,5302,"Congressional District 2 (110th Congress), Washington",275632,185437,140726,44711,90195,0
5001000US5303,5303,"Congressional District 3 (110th Congress), Washington",271188,193331,171883,21448,77857,0
5001000US5304,5304,"Congressional District 4 (110th Congress), Washington",253517,175901,124834,51067,77616,0
5001000US5305,5305,"Congressional District 5 (110th Congress), Washington",279931,196875,153442,43433,83056,0
5001000US5306,5306,"Congressional District 6 (110th Congress), Washington",290042,220790,174537,46253,69252,0
5001000US5307,5307,"Congressional District 7 (110th Congress), Washington",306241,301374,301374,0,4867,0
5001000US5308,5308,"Congressional District 8 (110th Congress), Washington",251807,221057,216032,5025,30750,0
5001000US5309,5309,"Congressional District 9 (110th Congress), Washington",260768,248381,246025,2356,12387,0
5001000US5401,5401,"Congressional District 1 (110th Congress), West Virginia",277962,152425,97088,55337,125537,0
5001000US5402,5402,"Congressional District 2 (110th Congress), West Virginia",280581,128737,98983,29754,151844,0
5001000US5403,5403,"Congressional District 3 (110th Congress), West Virginia",286080,110586,44876,65710,175494,0
5001000US5501,5501,"Congressional District 1 (110th Congress), Wisconsin",275814,232372,189867,42505,43442,0
5001000US5502,5502,"Congressional District 2 (110th Congress), Wisconsin",281854,216085,160801,55284,65769,0
5001000US5503,5503,"Congressional District 3 (110th Congress), Wisconsin",276405,118313,64415,53898,158092,0
5001000US5504,5504,"Congressional District 4 (110th Congress), Wisconsin",282806,282806,282806,0,0,0
5001000US5505,5505,"Congressional District 5 (110th Congress), Wisconsin",271491,234241,204416,29825,37250,0
5001000US5506,5506,"Congressional District 6 (110th Congress), Wisconsin",287232,168505,108409,60096,118727,0
5001000US5507,5507,"Congressional District 7 (110th Congress), Wisconsin",323333,121167,48819,72348,202166,0
5001000US5508,5508,"Congressional District 8 (110th Congress), Wisconsin",322209,154167,121763,32404,168042,0
5001000US5600,5600,"Congressional District (at Large) (110th Congress), Wyoming",223854,139735,54307,85428,84119,0
5001000US7298,7298,"Resident Commissioner District (at Large) (110th Congress), Puerto Rico",1418476,1335151,1291968,43183,83325,0
